<?xml version="1.0" encoding="utf-8"?>
<!--Appodeal plugin additions-->
<root xmlns:android="http://schemas.android.com/apk/res/android">
  <init>
    <log text="Appodeal initialize"/>
  </init>
  
  <prebuildCopies>
      <copyDir src="$S(PluginDir)/../../ThirdPartyLibraries/Android"
      dst="$S(BuildDir)" />
  </prebuildCopies>
  
  <AARImports>
 	<insertValue value="repository $S(PluginDir)/../../ThirdPartyLibraries/repository"/>
 	<insertNewline/>
 	<insert>com,adcolony,3.1.2</insert>
 	<insertNewline/>
 	<insert>com,facebook,4.22.0</insert>
 	<insertNewline/>
  </AARImports>
  
  <androidManifestUpdates>
  	<addElements tag="application">
      	<meta-data android:name="com.appodeal.framework" android:value="ue4" />
		<receiver android:name="com.appodeal.ads.AppodealPackageAddedReceiver" android:exported="true" android:enabled="true">
			<intent-filter>
				<action android:name="android.intent.action.PACKAGE_ADDED" />
				<data android:scheme="package" />
			</intent-filter>
		</receiver>
		<activity android:name="com.appodeal.ads.TestActivity"
			android:theme="@android:style/Theme.Translucent.NoTitleBar" />
		<activity android:name="com.appodeal.ads.InterstitialActivity"
			android:configChanges="orientation|screenSize"
			android:theme="@android:style/Theme.Translucent.NoTitleBar" />
		<activity android:name="com.appodeal.ads.VideoActivity"
			android:configChanges="orientation|screenSize"
			android:theme="@android:style/Theme.Translucent.NoTitleBar" />
		<activity android:name="com.appodeal.ads.LoaderActivity"
			android:configChanges="orientation|screenSize"
			android:theme="@android:style/Theme.Translucent.NoTitleBar" />
		<activity android:name="com.appodeal.ads.VideoPlayerActivity"
			android:theme="@android:style/Theme.Black.NoTitleBar.Fullscreen"/>

		<meta-data android:name="com.google.android.gms.version" android:value="@integer/google_play_services_version" />
		<activity android:name="com.google.android.gms.ads.AdActivity"
			android:configChanges="keyboard|keyboardHidden|orientation|screenLayout|uiMode|screenSize|smallestScreenSize"
			android:theme="@android:style/Theme.Translucent" />

		<activity android:name="com.chartboost.sdk.CBImpressionActivity" android:excludeFromRecents="true"
			android:hardwareAccelerated="true" android:theme="@android:style/Theme.Translucent.NoTitleBar.Fullscreen"
			android:configChanges="keyboardHidden|orientation|screenSize" />

		<activity android:name="com.applovin.adview.AppLovinInterstitialActivity"
			android:configChanges="orientation|screenSize"
			android:theme="@android:style/Theme.Translucent" />
		<activity android:name="com.applovin.adview.AppLovinConfirmationActivity" />


		<activity android:name="com.mopub.mobileads.MoPubActivity"
			android:configChanges="keyboardHidden|orientation|screenSize"
			android:theme="@android:style/Theme.Translucent" />
		<activity android:name="com.mopub.common.MoPubBrowser"
			android:configChanges="keyboardHidden|orientation|screenSize" />
		<activity android:name="com.mopub.mobileads.MraidActivity"
			android:configChanges="keyboardHidden|orientation|screenSize" />
		<activity android:name="com.mopub.mobileads.MraidVideoPlayerActivity"
			android:configChanges="keyboardHidden|orientation|screenSize" />

		<activity android:name="org.nexage.sourcekit.vast.activity.VASTActivity"
			android:theme="@android:style/Theme.NoTitleBar.Fullscreen" />

		<activity android:name="org.nexage.sourcekit.vast.activity.VPAIDActivity"
			android:theme="@android:style/Theme.NoTitleBar.Fullscreen" />

		<activity android:name="com.appodeal.ads.networks.vpaid.VPAIDActivity"
			android:theme="@android:style/Theme.NoTitleBar.Fullscreen" />

		<activity android:name="com.amazon.device.ads.AdActivity" android:configChanges="keyboardHidden|orientation|screenSize"/>

		<activity android:name="com.my.target.ads.MyTargetActivity" android:configChanges="keyboard|keyboardHidden|orientation|screenLayout|uiMode|screenSize|smallestScreenSize"
			android:hardwareAccelerated="true" />

		<!--suppress AndroidDomInspection -->
		<activity android:name="com.facebook.ads.InterstitialAdActivity" android:configChanges="keyboardHidden|orientation|screenSize" />
		<!--suppress AndroidDomInspection -->
		<activity android:name="com.facebook.ads.AudienceNetworkActivity" android:configChanges="keyboardHidden|orientation|screenSize" />

		<!--suppress AndroidDomInspection -->
		<activity android:name="com.startapp.android.publish.list3d.List3DActivity"
			android:theme="@android:style/Theme" />
		<!--suppress AndroidDomInspection -->
		<activity android:name="com.startapp.android.publish.OverlayActivity"
			android:theme="@android:style/Theme.Translucent"
			android:configChanges="orientation|keyboardHidden|screenSize" />
		<!--suppress AndroidDomInspection -->
		<activity android:name="com.startapp.android.publish.FullScreenActivity"
			android:theme="@android:style/Theme"
			android:configChanges="orientation|keyboardHidden|screenSize" />

		<service android:name="com.yandex.metrica.MetricaService" android:enabled="true"
			android:exported="true" android:process=":Metrica">
			<intent-filter>
				<category android:name="android.intent.category.DEFAULT" />
				<action android:name="com.yandex.metrica.IMetricaService" />
				<data android:scheme="metrica" />
			</intent-filter>
			<meta-data android:name="metrica:api:level" android:value="52" />
		</service>
		<receiver android:name="com.yandex.metrica.MetricaEventHandler"
			android:enabled="true" android:exported="true">
			<intent-filter>
				<action android:name="com.android.vending.INSTALL_REFERRER" />
			</intent-filter>
		</receiver>

		<!--suppress AndroidDomInspection -->
		<activity android:name="com.yandex.mobile.ads.AdActivity"
			android:configChanges="keyboard|keyboardHidden|orientation|screenLayout|uiMode|screenSize|smallestScreenSize" />

		<activity android:name="com.unity3d.ads.adunit.AdUnitActivity"
			android:configChanges="fontScale|keyboard|keyboardHidden|locale|mnc|mcc|navigation|orientation|screenLayout|screenSize|smallestScreenSize|uiMode|touchscreen"
			android:theme="@android:style/Theme.NoTitleBar.Fullscreen" android:hardwareAccelerated="true" />
		<activity android:name="com.unity3d.ads.adunit.AdUnitSoftwareActivity"
			android:configChanges="fontScale|keyboard|keyboardHidden|locale|mnc|mcc|navigation|orientation|screenLayout|screenSize|smallestScreenSize|uiMode|touchscreen"
			android:theme="@android:style/Theme.NoTitleBar.Fullscreen" android:hardwareAccelerated="false" />
		<activity android:name="com.unity3d.ads2.adunit.AdUnitActivity"
			android:configChanges="fontScale|keyboard|keyboardHidden|locale|mnc|mcc|navigation|orientation|screenLayout|screenSize|smallestScreenSize|uiMode|touchscreen"
			android:theme="@android:style/Theme.NoTitleBar.Fullscreen" android:hardwareAccelerated="true" />
		<activity android:name="com.unity3d.ads2.adunit.AdUnitSoftwareActivity"
			android:configChanges="fontScale|keyboard|keyboardHidden|locale|mnc|mcc|navigation|orientation|screenLayout|screenSize|smallestScreenSize|uiMode|touchscreen"
			android:theme="@android:style/Theme.NoTitleBar.Fullscreen" android:hardwareAccelerated="false" />

		<!--suppress AndroidDomInspection -->
		<activity android:name="com.jirbo.adcolony.AdColonyOverlay"
			android:configChanges="keyboardHidden|orientation|screenSize"
			android:theme="@android:style/Theme.Translucent.NoTitleBar.Fullscreen" />
		<!--suppress AndroidDomInspection -->
		<activity android:name="com.jirbo.adcolony.AdColonyFullscreen"
			android:configChanges="keyboardHidden|orientation|screenSize"
			android:theme="@android:style/Theme.Black.NoTitleBar.Fullscreen" />
		<!--suppress AndroidDomInspection -->
		<activity android:name="com.jirbo.adcolony.AdColonyBrowser"
			android:configChanges="keyboardHidden|orientation|screenSize"
			android:theme="@android:style/Theme.Black.NoTitleBar.Fullscreen" />

		<!--suppress AndroidDomInspection -->
		<activity android:name="com.vungle.publisher.VideoFullScreenAdActivity"
			android:configChanges="keyboardHidden|orientation|screenSize|screenLayout|smallestScreenSize"
			android:theme="@android:style/Theme.NoTitleBar.Fullscreen"/>
		<!--suppress AndroidDomInspection -->
		<activity android:name="com.vungle.publisher.MraidFullScreenAdActivity"
			android:configChanges="keyboardHidden|orientation|screenSize|screenLayout|smallestScreenSize"
			android:theme="@android:style/Theme.Translucent.NoTitleBar.Fullscreen"/>

		<!--suppress AndroidDomInspection -->
		<activity android:name="com.flurry.android.FlurryFullscreenTakeoverActivity"
			android:configChanges="keyboard|keyboardHidden|orientation|screenLayout|uiMode|screenSize|smallestScreenSize" />

		<!--suppress AndroidDomInspection -->
		<activity android:name="com.tapjoy.TJAdUnitActivity" android:configChanges="orientation|keyboardHidden|screenSize"
			android:hardwareAccelerated="true" android:theme="@android:style/Theme.Translucent.NoTitleBar.Fullscreen" />
		<!--suppress AndroidDomInspection -->
		<activity android:name="com.tapjoy.mraid.view.ActionHandler" android:configChanges="orientation|keyboardHidden|screenSize" />
		<!--suppress AndroidDomInspection -->
		<activity android:name="com.tapjoy.mraid.view.Browser" android:configChanges="orientation|keyboardHidden|screenSize" />
		<!--suppress AndroidDomInspection -->
		<activity android:name="com.tapjoy.TJContentActivity" android:configChanges="orientation|keyboardHidden|screenSize"
			android:theme="@android:style/Theme.Translucent.NoTitleBar" android:hardwareAccelerated="true" />

		<!--suppress AndroidDomInspection -->
		<activity android:name="com.supersonicads.sdk.controller.ControllerActivity" android:configChanges="orientation|screenSize"
			android:hardwareAccelerated="true" />
		<!--suppress AndroidDomInspection -->
		<activity android:name="com.supersonicads.sdk.controller.InterstitialActivity" android:configChanges="orientation|screenSize"
			android:hardwareAccelerated="true" android:theme="@android:style/Theme.Translucent" />
		<!--suppress AndroidDomInspection -->
		<activity android:name="com.supersonicads.sdk.controller.OpenUrlActivity" android:configChanges="orientation|screenSize"
			android:hardwareAccelerated="true" android:theme="@android:style/Theme.Translucent" />

		<!--suppress AndroidDomInspection -->
		<activity android:name="com.adcolony.sdk.AdColonyInterstitialActivity" android:configChanges="keyboardHidden|orientation|screenSize"
			android:hardwareAccelerated="true" />
		<!--suppress AndroidDomInspection -->
		<activity android:name="com.adcolony.sdk.AdColonyAdViewActivity" android:configChanges="keyboardHidden|orientation|screenSize"
			android:hardwareAccelerated="true" />

		<activity android:name="com.inmobi.rendering.InMobiAdActivity" android:configChanges="keyboardHidden|orientation|keyboard|smallestScreenSize|screenSize|screenLayout"
			android:hardwareAccelerated="true" android:resizeableActivity="false" android:theme="@android:style/Theme.NoTitleBar" />
		<receiver android:name="com.inmobi.commons.core.utilities.uid.ImIdShareBroadCastReceiver" android:enabled="true" android:exported="true">
			<intent-filter>
				<action android:name="com.inmobi.share.id"/>
			</intent-filter>
		</receiver>

		<meta-data android:name="presage_key" android:value="000000"/>
		<service android:name="io.presage.services.PresageServiceImp"/>
		<activity android:name="io.presage.activities.PresageActivity"
			android:configChanges="keyboard|keyboardHidden|orientation|screenSize" android:hardwareAccelerated="true">
			<intent-filter>
				<action android:name="io.presage.intent.action.LAUNCH_WEBVIEW" />
				<category android:name="android.intent.category.DEFAULT" />
			</intent-filter>
		</activity>
		<receiver android:name="io.presage.receivers.BootReceiver">
			<intent-filter>
				<action android:name="android.intent.action.BOOT_COMPLETED"/>
				<action android:name="android.intent.action.DATE_CHANGED"/>
				<action android:name="io.presage.receivers.BootReceiver.RESTART_SERVICE"/>
			</intent-filter>
		</receiver>

    </addElements>
  </androidManifestUpdates>

  <proguardAdditions>
    <insert>
# Appodeal
-keep class com.appodeal.** { *; }
-keep class org.nexage.** { *; }
-keepattributes EnclosingMethod, InnerClasses, Signature, JavascriptInterface

# Amazon
-keep class com.amazon.** { *; }
-dontwarn com.amazon.**

# Mopub
-keep public class com.mopub.**
-keepclassmembers class com.mopub.** { public *; }
-dontwarn com.mopub.**
-keep class * extends com.mopub.mobileads.CustomEventBanner {}
-keep class * extends com.mopub.mobileads.CustomEventInterstitial {}
-keep class * extends com.mopub.nativeads.CustomEventNative {}
-keep class * extends com.mopub.mobileads.CustomEventRewardedVideo {}
-dontwarn com.mopub.volley.toolbox.**

# Applovin
-keep class com.applovin.** { *; }
-dontwarn com.applovin.**

# Facebook
-keep class com.facebook.ads.** { *; }
-dontwarn com.facebook.ads.**

# Chartboost
-keep class com.chartboost.** { *; }
-dontwarn com.chartboost.**

# Unity Ads
-keepattributes SourceFile,LineNumberTable
-keep class com.unity3d.** { *; }
-dontwarn com.unity3d.**

# Yandex
-keep class com.yandex.metrica.** { *; }
-dontwarn com.yandex.metrica.**
-keep class com.yandex.mobile.ads.** { *; }
-dontwarn com.yandex.mobile.ads.**
-keepattributes *Annotation*

# StartApp
-keep class com.startapp.** { *;}
-dontwarn com.startapp.**
-keepattributes Exceptions, InnerClasses, Signature, Deprecated, SourceFile, LineNumberTable, *Annotation*, EnclosingMethod

# Flurry
-keep class com.flurry.** { *; }
-dontwarn com.flurry.**
-keepattributes *Annotation*,EnclosingMethod,Signature
-keepclasseswithmembers class * {
  public &lt;init&gt;(android.content.Context, android.util.AttributeSet, int);
}

# Avocarrot
-keep class com.avocarrot.** { *; }
-keepclassmembers class com.avocarrot.** { *; }
-dontwarn com.avocarrot.**
-keep public class * extends android.view.View {
  public &lt;init&gt;(android.content.Context);
  public &lt;init&gt;(android.content.Context, android.util.AttributeSet);
  public &lt;init&gt;(android.content.Context, android.util.AttributeSet, int);
  public void set*(...);
}

# Adcolony
-keep class com.jirbo.adcolony.** { *;}
-keep class com.adcolony.** { *;}
-keep class com.immersion.** { *;}
-dontnote com.immersion.**
-dontwarn android.webkit.**
-dontwarn com.jirbo.adcolony.**
-dontwarn com.adcolony.**

# Vungle
-keep class com.vungle.** { *;}
-keep class javax.inject.*
-keepattributes *Annotation*, Signature
-keep class dagger.*
-dontwarn com.vungle.**

# MyTarget
-keep class com.my.target.** { *; }
-dontwarn com.my.target.**

# Admob
-keep class com.google.android.gms.ads.** { *; }

# Tapjoy
-keep class com.tapjoy.** { *; }
-dontwarn com.tapjoy.**

# IronSource
-keepclassmembers class com.supersonicads.sdk.controller.SupersonicWebView$JSInterface { public *; }
-keepclassmembers class * implements android.os.Parcelable { public static final android.os.Parcelable$Creator *; }
-keep class com.supersonic.** { *; }
-keep class com.supersonicads.** { *; }
-dontwarn com.supersonic.**
-dontwarn com.supersonicads.**

# AdColonyV3
-keepclassmembers class * { @android.webkit.JavascriptInterface &lt;methods&gt;; }
-dontwarn com.adcolony.**
-dontwarn android.app.Activity

# Inmobi
-keep class com.inmobi.** { *; }
-dontwarn com.inmobi.**
-dontwarn com.squareup.picasso.**
-keep class com.squareup.picasso.** {*;}
-dontwarn com.squareup.picasso.**
-dontwarn com.squareup.okhttp.**
-keep class com.moat.** {*;}
-dontwarn com.moat.**

# Ogury
-dontnote io.presage.**
-dontwarn shared_presage.**
-dontwarn org.codehaus.**
-keepattributes Signature
-keep class shared_presage.** { *; }
-keep class io.presage.** { *; }
-keepclassmembers class io.presage.** { *; }
-keepattributes *Annotation*
-keepattributes JavascriptInterface
-keepclassmembers class * {
  @android.webkit.JavascriptInterface &lt;methods&gt;;
}
-dontnote okhttp3.**
-dontnote okio.**
-dontwarn okhttp3.**
-dontwarn okio.**

-dontnote sun.misc.Unsafe
-dontnote android.net.http.*

-dontnote org.apache.commons.codec.**
-dontnote org.apache.http.**

-dontwarn org.apache.commons.collections.BeanMap
-dontwarn java.beans.**
-dontnote com.google.gson.**
-keepclassmembers class * implements java.io.Serializable {
  static final long serialVersionUID;
  private static final java.io.ObjectStreamField[] serialPersistentFields;
  private void writeObject(java.io.ObjectOutputStream);
  private void readObject(java.io.ObjectInputStream);
  java.lang.Object writeReplace();
  java.lang.Object readResolve();
}

# Google
-keep class com.google.android.gms.common.GooglePlayServicesUtil {*;}
-keep class com.google.android.gms.ads.identifier.** { *; }
-dontwarn com.google.android.gms.**

# Legacy
-keep class org.apache.http.** { *; }
-dontwarn org.apache.http.**
-dontwarn android.net.http.**

# Google Play Services library
-keep class * extends java.util.ListResourceBundle {
  protected Object[][] getContents();
}
-keep public class com.google.android.gms.common.internal.safeparcel.SafeParcelable {
  public static final *** NULL;
}
-keepnames class * implements android.os.Parcelable
-keepclassmembers class * implements android.os.Parcelable {
  public static final *** CREATOR;
}
-keep @interface android.support.annotation.Keep
-keep @android.support.annotation.Keep class *
-keepclasseswithmembers class * {
  @android.support.annotation.Keep &lt;fields&gt;;
}
-keepclasseswithmembers class * {
  @android.support.annotation.Keep &lt;methods&gt;;
}
-keep @interface com.google.android.gms.common.annotation.KeepName
-keepnames @com.google.android.gms.common.annotation.KeepName class *
-keepclassmembernames class * {
  @com.google.android.gms.common.annotation.KeepName *;
}
-keep @interface com.google.android.gms.common.util.DynamiteApi
-keep public @com.google.android.gms.common.util.DynamiteApi class * {
  public &lt;fields&gt;;
  public &lt;methods&gt;;
}
-keep class com.google.android.gms.common.GooglePlayServicesNotAvailableException {*;}
-keep class com.google.android.gms.common.GooglePlayServicesRepairableException {*;}

# Google Play Services library 9.0.0 only
-dontwarn android.security.NetworkSecurityPolicy
-keep public @com.google.android.gms.common.util.DynamiteApi class * { *; }

# support-v4
-keep class android.support.v4.app.Fragment { *; }
-keep class android.support.v4.app.FragmentActivity { *; }
-keep class android.support.v4.app.FragmentManager { *; }
-keep class android.support.v4.app.FragmentTransaction { *; }
-keep class android.support.v4.content.LocalBroadcastManager { *; }
-keep class android.support.v4.util.LruCache { *; }
-keep class android.support.v4.view.PagerAdapter { *; }
-keep class android.support.v4.view.ViewPager { *; }
-keep class android.support.v4.content.ContextCompat { *; }

# support-v7-recyclerview
-keep class android.support.v7.widget.RecyclerView { *; }
-keep class android.support.v7.widget.LinearLayoutManager { *; }

    </insert>   
  </proguardAdditions>
  
  <gameActivityImportAdditions>
		<insert>
			import com.appodeal.ads.Appodeal;
			import com.appodeal.ads.BannerCallbacks;
			import com.appodeal.ads.InterstitialCallbacks;
			import com.appodeal.ads.NonSkippableVideoCallbacks;
			import com.appodeal.ads.RewardedVideoCallbacks;
		</insert>
	</gameActivityImportAdditions>
  
  <gameActivityOnCreateAdditions>
    <insert>
    </insert>
  </gameActivityOnCreateAdditions>
  
  <gameActivityOnPauseAdditions>
    <insert>
    	Appodeal.onResume(this, Appodeal.BANNER);
    </insert>
  </gameActivityOnPauseAdditions>
  
  <gameActivityClassAdditions>
      <insert>
          
		private boolean uiThreadResult;
		//Initialize SDK
	    public void AndroidThunkJava_AppodealInitialize(String AppKey, boolean INTERSTITIAL, boolean NON_SKIPPABLEE_VIDEO, boolean REWARDED_VIDEO, boolean BANNER)
	    {
	        int adtype = 0;
	        if(INTERSTITIAL) {
	            adtype = adtype | 3;
	            Appodeal.setInterstitialCallbacks(interstitialListener);
	        }
	        if(BANNER) {
	            adtype = adtype | 4;
	            Appodeal.setBannerCallbacks(bannerListener);
	        }
	        if(NON_SKIPPABLEE_VIDEO) {
	            adtype = adtype | 128;
	            Appodeal.setNonSkippableVideoCallbacks(nonSkippableListener);
	        }
	        if(REWARDED_VIDEO) {
	            adtype = adtype | 128;
	            Appodeal.setRewardedVideoCallbacks(rewardedListener);
	        }
	        Appodeal.initialize(this, AppKey, adtype);
	    }

	    //Show Ads
	    public boolean AndroidThunkJava_AppodealShow(final String placement, boolean INTERSTITIAL, boolean NON_SKIPPABLEE_VIDEO, boolean REWARDED_VIDEO, boolean BANNER_BOTTOM, boolean BANNER_TOP)
	    {
	        int adtype = 0;
	        if(INTERSTITIAL) {
	            adtype = adtype | 3;
	        }
	        if(BANNER_BOTTOM) {
	            adtype = adtype | 8;
	        }
	        if(BANNER_TOP) {
	            adtype = adtype | 16;
	        }
	        if(NON_SKIPPABLEE_VIDEO) {
	            adtype = adtype | 128;
	        }
	        if(REWARDED_VIDEO) {
	            adtype = adtype | 128;
	        }
			final int finalAdType = adtype;
			this.runOnUiThread(new Runnable() {
				@Override
				public void run() {
					if(placement != null || placement != "") {
						uiThreadResult = Appodeal.show(GameActivity.this, finalAdType, placement);
					} else {
						uiThreadResult = Appodeal.show(GameActivity.this, finalAdType);
					}
				}
			});
			return uiThreadResult;
	    }

	    //Check if ad is loaded now
	    public boolean AndroidThunkJava_AppodealIsLoaded(boolean INTERSTITIAL, boolean NON_SKIPPABLEE_VIDEO, boolean REWARDED_VIDEO, boolean BANNER)
	    {
	        int adtype = 0;
	        if(INTERSTITIAL) {
	            adtype = adtype | 3;
	        }
	        if(BANNER) {
	            adtype = adtype | 4;
	        }
	        if(NON_SKIPPABLEE_VIDEO) {
	            adtype = adtype | 128;
	        }
	        if(REWARDED_VIDEO) {
	            adtype = adtype | 128;
	        }
	        return Appodeal.isLoaded(adtype);
	    }

	    /*--------UTILS--------*/

	    //Cache Ads
	    public void AndroidThunkJava_AppodealCache(boolean INTERSTITIAL, boolean NON_SKIPPABLEE_VIDEO, boolean REWARDED_VIDEO, boolean BANNER)
	    {
	        int adtype = 0;
	        if(INTERSTITIAL) {
	            adtype = adtype | 3;
	        }
	        if(BANNER) {
	            adtype = adtype | 4;
	        }
	        if(NON_SKIPPABLEE_VIDEO) {
	            adtype = adtype | 128;
	        }
	        if(REWARDED_VIDEO) {
	            adtype = adtype | 128;
	        }
	        Appodeal.cache(this, adtype);
	    }

	    public void AndroidThunkJava_AppodealDisableAutoCache(boolean INTERSTITIAL, boolean NON_SKIPPABLEE_VIDEO, boolean REWARDED_VIDEO, boolean BANNER)
	    {
	        int adtype = 0;
	        if(INTERSTITIAL) {
	            adtype = adtype | 3;
	        }
	        if(BANNER) {
	            adtype = adtype | 4;
	        }
	        if(NON_SKIPPABLEE_VIDEO) {
	            adtype = adtype | 128;
	        }
	        if(REWARDED_VIDEO) {
	            adtype = adtype | 128;
	        }
	        Appodeal.setAutoCache(adtype, false);
	    }

	    public void AndroidThunkJava_AppodealSetTesting(boolean Testing)
	    {
	        Appodeal.setTesting(Testing);
	    }

	    public void AndroidThunkJava_AppodealSetLogging(boolean Logging)
	    {
			if(Logging)
				Appodeal.setLogLevel(com.appodeal.ads.utils.Log.LogLevel.verbose);
			else
				Appodeal.setLogLevel(com.appodeal.ads.utils.Log.LogLevel.none);
	    }

	    public void AndroidThunkJava_AppodealHideBanner()
	    {
			this.runOnUiThread(new Runnable(){
				@Override
				public void run() {
					Appodeal.hide(GameActivity.this, Appodeal.BANNER);
				}
			});
	    }

	    public void AndroidThunkJava_AppodealDisableWriteExternalStoragePermissionCheck()
	    {
	        Appodeal.disableWriteExternalStoragePermissionCheck();
	    }

	    public void AndroidThunkJava_AppodealDisableLocationPermissionCheck()
	    {
	        Appodeal.disableLocationPermissionCheck();
	    }

	    public void AndroidThunkJava_AppodealDisableNetwork(String network, boolean INTERSTITIAL, boolean NON_SKIPPABLEE_VIDEO, boolean REWARDED_VIDEO, boolean BANNER)
	    {
	        int adtype = 0;
	        if(INTERSTITIAL) {
	            adtype = adtype | 3;
	        }
	        if(BANNER) {
	            adtype = adtype | 4;
	        }
	        if(NON_SKIPPABLEE_VIDEO) {
	            adtype = adtype | 128;
	        }
	        if(REWARDED_VIDEO) {
	            adtype = adtype | 128;
	        }
	        Appodeal.disableNetwork(this, network, adtype);
	    }

	    public void AndroidThunkJava_AppodealDisableSmartBanners(boolean smart)
	    {
            if(smart) {
                Appodeal.setSmartBanners(false);
            } else {
                Appodeal.setSmartBanners(true);
            }
	    }

	    public void AndroidThunkJava_AppodealTrackInAppPurchase(float amount, String currency)
	    {
	        Appodeal.trackInAppPurchase(this, amount, currency);
	    }
		
	    public void AndroidThunkJava_AppodealDisableBannerAnimation(boolean flag)
		{
			Appodeal.setBannerAnimation(!flag);
	    }
		
	    public void AndroidThunkJava_AppodealDisable728x90Banners(boolean flag)
		{
			Appodeal.set728x90Banners(!flag);
	    }

	    public native void nativeOnBannerLoaded(int height, boolean isPrecache);
	    public native void nativeOnBannerFailedToLoad();
	    public native void nativeOnBannerShown();
	    public native void nativeOnBannerClicked();


	    private BannerCallbacks bannerListener = new BannerCallbacks() {
	        @Override
	        public void onBannerLoaded(int height, boolean isPrecache) {
	            nativeOnBannerLoaded(height, isPrecache);
	        }

	        @Override
	        public void onBannerFailedToLoad() {
	            nativeOnBannerFailedToLoad();
	        }

	        @Override
	        public void onBannerShown() {
	            nativeOnBannerShown();
	        }

	        @Override
	        public void onBannerClicked() {
	            nativeOnBannerClicked();
	        }
	    };

	    public native void nativeOnInterstitialLoaded(boolean isPrecache);
	    public native void nativeOnInterstitialFailedToLoad();
	    public native void nativeOnInterstitialShown();
	    public native void nativeOnInterstitialClicked();
	    public native void nativeOnInterstitialClosed();

	    private InterstitialCallbacks interstitialListener = new InterstitialCallbacks() {
	        @Override
	        public void onInterstitialLoaded(boolean isPrecache) {
	            nativeOnInterstitialLoaded(isPrecache);
	        }

	        @Override
	        public void onInterstitialFailedToLoad() {
	            nativeOnInterstitialFailedToLoad();
	        }

	        @Override
	        public void onInterstitialShown() {
	            nativeOnInterstitialShown();
	        }

	        @Override
	        public void onInterstitialClicked() {
	            nativeOnInterstitialClicked();
	        }

	        @Override
	        public void onInterstitialClosed() {
	            nativeOnInterstitialClosed();
	        }
	    };

	    public native void nativeOnNonSkippableVideoLoaded();
	    public native void nativeOnNonSkippableVideoFailedToLoad();
	    public native void nativeOnNonSkippableVideoShown();
	    public native void nativeOnNonSkippableVideoFinished();
	    public native void nativeOnNonSkippableVideoClosed(boolean finished);

	    private NonSkippableVideoCallbacks nonSkippableListener = new NonSkippableVideoCallbacks() {
	        @Override
	        public void onNonSkippableVideoLoaded() {
	            nativeOnNonSkippableVideoLoaded();
	        }

	        @Override
	        public void onNonSkippableVideoFailedToLoad() {
	            nativeOnNonSkippableVideoFailedToLoad();
	        }

	        @Override
	        public void onNonSkippableVideoShown() {
	            nativeOnNonSkippableVideoShown();
	        }

	        @Override
	        public void onNonSkippableVideoFinished() {
	            nativeOnNonSkippableVideoFinished();
	        }

	        @Override
	        public void onNonSkippableVideoClosed(boolean finished) {
	            nativeOnNonSkippableVideoClosed(finished);
	        }
	    };

	    public native void nativeOnRewardedVideoLoaded();
	    public native void nativeOnRewardedVideoFailedToLoad();
	    public native void nativeOnRewardedVideoShown();
	    public native void nativeOnRewardedVideoFinished(int amount, String name);
	    public native void nativeOnRewardedVideoClosed(boolean finished);

	    private RewardedVideoCallbacks rewardedListener = new RewardedVideoCallbacks() {
	        @Override
	        public void onRewardedVideoLoaded() {
	            nativeOnRewardedVideoLoaded();
	        }

	        @Override
	        public void onRewardedVideoFailedToLoad() {
	            nativeOnRewardedVideoFailedToLoad();
	        }

	        @Override
	        public void onRewardedVideoShown() {
	            nativeOnRewardedVideoShown();
	        }

	        @Override
	        public void onRewardedVideoFinished(int amount, String name) {
                String nameArg = "NameEmpty";
                if(name == null || name == "" || name.isEmpty() || name.equals("")) {
                    nativeOnRewardedVideoFinished(amount, nameArg);
                } else {
                    nativeOnRewardedVideoFinished(amount, name);
                }
	        }

	        @Override
	        public void onRewardedVideoClosed(boolean finished) {
	            nativeOnRewardedVideoClosed(finished);
	        }
	    };

      </insert>
  </gameActivityClassAdditions>

</root>