<?xml version="1.0" encoding="utf-8"?>

<root xmlns:android="http://schemas.ios.com/res/ios">
	<!-- init section is always evaluated once per architecture -->
	<init>
		<log text="Appodeal iOS initialization"/>
	</init>

	<infoPlist>
		<plutilCommands><![CDATA[-insert Appodeal -xml "<dict><key>NSAppTransportSecurity</key><dict><key>NSAllowsArbitraryLoads</key><true/></dict><key>NSBluetoothPeripheralUsageDescription</key><string>Advertising</string><key>NSCalendarsUsageDescription</key><string>Advertising</string><key>NSLocationWhenInUseUsageDescription</key><string>Advertising</string><key>NSPhotoLibraryUsageDescription</key><string>Advertising</string></dict>"]]></plutilCommands>
	</infoPlist>
</root>